<?xml version="1.0" encoding="UTF-8"?>

<Bundle xmlns="http://hl7.org/fhir">
  <id value="756398b2-10ed-4196-8145-7a21cf1252a6"/>
  <meta>
    <lastUpdated value="2023-12-05T13:08:56.959-05:00"/>
  </meta>
  <type value="collection"/>
  <entry>
    <fullUrl value="http://hl7.org/fhir/us/reportofilltraveler/ValueSet/AirportCodeVS"/>
    <resource>
      <ValueSet>
        <text>
          <status value="generated"/>
          <div xmlns="http://www.w3.org/1999/xhtml">
            <p>This value set contains 4 concepts</p>
            <p style="border: black 1px dotted; background-color: #EEEEEE; padding: 8px; margin-bottom: 8px">Expansion based on 
              <a href="CodeSystem-airport-code-system.html">codesystem Airport Codes v0.1.0 (CodeSystem)</a>
            </p>
            <table class="codes">
              <tr>
                <td style="white-space:nowrap">
                  <b>Code</b>
                </td>
                <td>
                  <b>System</b>
                </td>
                <td>
                  <b>Display</b>
                </td>
              </tr>
              <tr>
                <td style="white-space:nowrap">
                  <a name="http---hl7.org-fhir-us-reportofilltraveler-CodeSystem-airport-code-system-ABR"> </a>  
                  <a href="CodeSystem-airport-code-system.html#airport-code-system-ABR">ABR</a>
                </td>
                <td>http://hl7.org/fhir/us/reportofilltraveler/CodeSystem/airport-code-system</td>
                <td>Aberdeen, SD</td>
              </tr>
              <tr>
                <td style="white-space:nowrap">
                  <a name="http---hl7.org-fhir-us-reportofilltraveler-CodeSystem-airport-code-system-ALB"> </a>  
                  <a href="CodeSystem-airport-code-system.html#airport-code-system-ALB">ALB</a>
                </td>
                <td>http://hl7.org/fhir/us/reportofilltraveler/CodeSystem/airport-code-system</td>
                <td>Albany, NY</td>
              </tr>
              <tr>
                <td style="white-space:nowrap">
                  <a name="http---hl7.org-fhir-us-reportofilltraveler-CodeSystem-airport-code-system-LAX"> </a>  
                  <a href="CodeSystem-airport-code-system.html#airport-code-system-LAX">LAX</a>
                </td>
                <td>http://hl7.org/fhir/us/reportofilltraveler/CodeSystem/airport-code-system</td>
                <td>Los Angeles, CA</td>
              </tr>
              <tr>
                <td style="white-space:nowrap">
                  <a name="http---hl7.org-fhir-us-reportofilltraveler-CodeSystem-airport-code-system-DCA"> </a>  
                  <a href="CodeSystem-airport-code-system.html#airport-code-system-DCA">DCA</a>
                </td>
                <td>http://hl7.org/fhir/us/reportofilltraveler/CodeSystem/airport-code-system</td>
                <td>Washington, DC</td>
              </tr>
            </table>
          </div>
        </text>
        <url value="http://hl7.org/fhir/us/reportofilltraveler/ValueSet/AirportCodeVS"/>
        <version value="0.1.0"/>
        <name value="AirportCodeVS"/>
        <title value="Airport Codes VS"/>
        <status value="draft"/>
        <date value="2023-12-05T13:08:56-05:00"/>
        <expansion>
          <identifier value="urn:uuid:e8cd5ef3-1f61-49dd-a01d-7e362369c548"/>
          <timestamp value="2023-12-05T13:10:34-05:00"/>
          <total value="4"/>
          <parameter>
            <name value="excludeNested"/>
            <valueBoolean value="false"/>
          </parameter>
          <parameter>
            <name value="used-codesystem"/>
            <valueUri value="http://hl7.org/fhir/us/reportofilltraveler/CodeSystem/airport-code-system|0.1.0"/>
          </parameter>
          <contains>
            <system value="http://hl7.org/fhir/us/reportofilltraveler/CodeSystem/airport-code-system"/>
            <code value="ABR"/>
            <display value="Aberdeen, SD"/>
          </contains>
          <contains>
            <system value="http://hl7.org/fhir/us/reportofilltraveler/CodeSystem/airport-code-system"/>
            <code value="ALB"/>
            <display value="Albany, NY"/>
          </contains>
          <contains>
            <system value="http://hl7.org/fhir/us/reportofilltraveler/CodeSystem/airport-code-system"/>
            <code value="LAX"/>
            <display value="Los Angeles, CA"/>
          </contains>
          <contains>
            <system value="http://hl7.org/fhir/us/reportofilltraveler/CodeSystem/airport-code-system"/>
            <code value="DCA"/>
            <display value="Washington, DC"/>
          </contains>
        </expansion>
      </ValueSet>
    </resource>
  </entry>
  <entry>
    <fullUrl value="http://hl7.org/fhir/us/reportofilltraveler/ValueSet/InfectiousDiseaseNameVS"/>
    <resource>
      <ValueSet>
        <text>
          <status value="generated"/>
          <div xmlns="http://www.w3.org/1999/xhtml">
            <p>This value set contains 2 concepts</p>
            <p style="border: black 1px dotted; background-color: #EEEEEE; padding: 8px; margin-bottom: 8px">Expansion based on 
              <a href="CodeSystem-infectious-disease-system.html">codesystem Infectious Disease v0.1.0 (CodeSystem)</a>
            </p>
            <table class="codes">
              <tr>
                <td style="white-space:nowrap">
                  <b>Code</b>
                </td>
                <td>
                  <b>System</b>
                </td>
                <td>
                  <b>Display</b>
                </td>
              </tr>
              <tr>
                <td style="white-space:nowrap">
                  <a name="http---hl7.org-fhir-us-reportofilltraveler-CodeSystem-infectious-disease-system-TB"> </a>  
                  <a href="CodeSystem-infectious-disease-system.html#infectious-disease-system-TB">TB</a>
                </td>
                <td>http://hl7.org/fhir/us/reportofilltraveler/CodeSystem/infectious-disease-system</td>
                <td>Tuberculosis</td>
              </tr>
              <tr>
                <td style="white-space:nowrap">
                  <a name="http---hl7.org-fhir-us-reportofilltraveler-CodeSystem-infectious-disease-system-ME"> </a>  
                  <a href="CodeSystem-infectious-disease-system.html#infectious-disease-system-ME">ME</a>
                </td>
                <td>http://hl7.org/fhir/us/reportofilltraveler/CodeSystem/infectious-disease-system</td>
                <td>Measles</td>
              </tr>
            </table>
          </div>
        </text>
        <url value="http://hl7.org/fhir/us/reportofilltraveler/ValueSet/InfectiousDiseaseNameVS"/>
        <version value="0.1.0"/>
        <name value="InfectiousDiseaseNameVS"/>
        <title value="Infectious Disease VS"/>
        <status value="draft"/>
        <date value="2023-12-05T13:08:56-05:00"/>
        <expansion>
          <identifier value="urn:uuid:58576413-10d7-4fb3-8dcd-45223b96f3a6"/>
          <timestamp value="2023-12-05T13:10:34-05:00"/>
          <total value="2"/>
          <parameter>
            <name value="excludeNested"/>
            <valueBoolean value="false"/>
          </parameter>
          <parameter>
            <name value="used-codesystem"/>
            <valueUri value="http://hl7.org/fhir/us/reportofilltraveler/CodeSystem/infectious-disease-system|0.1.0"/>
          </parameter>
          <contains>
            <system value="http://hl7.org/fhir/us/reportofilltraveler/CodeSystem/infectious-disease-system"/>
            <code value="TB"/>
            <display value="Tuberculosis"/>
          </contains>
          <contains>
            <system value="http://hl7.org/fhir/us/reportofilltraveler/CodeSystem/infectious-disease-system"/>
            <code value="ME"/>
            <display value="Measles"/>
          </contains>
        </expansion>
      </ValueSet>
    </resource>
  </entry>
  <entry>
    <fullUrl value="http://hl7.org/fhir/us/reportofilltraveler/ValueSet/InfectiousDiseaseVS"/>
    <resource>
      <ValueSet>
        <text>
          <status value="generated"/>
          <div xmlns="http://www.w3.org/1999/xhtml">
            <p>This value set contains 1 concepts</p>
            <div style="border: black 1px dotted; background-color: #EEEEEE; padding: 8px; margin-bottom: 8px">
              <p>Expansion based on: </p>
              <ul>
                <li>SNOMED CT International edition 01-Sep 2023</li>
                <li>SNOMED CT International edition 01-Sep 2023</li>
              </ul>
            </div>
            <table class="codes">
              <tr>
                <td style="white-space:nowrap">
                  <b>Code</b>
                </td>
                <td>
                  <b>System</b>
                </td>
                <td>
                  <b>Display</b>
                </td>
              </tr>
              <tr>
                <td style="white-space:nowrap">
                  <a name="http---snomed.info-sct-56717001"> </a>  
                  <a href="http://snomed.info/id/56717001">56717001</a>
                </td>
                <td>http://snomed.info/sct</td>
                <td>Tuberculosis</td>
              </tr>
            </table>
          </div>
        </text>
        <url value="http://hl7.org/fhir/us/reportofilltraveler/ValueSet/InfectiousDiseaseVS"/>
        <version value="0.1.0"/>
        <name value="InfectiousDiseaseVS"/>
        <title value="Infectious Disease VS"/>
        <status value="draft"/>
        <experimental value="false"/>
        <date value="2023-12-05T13:08:56-05:00"/>
        <expansion>
          <identifier value="urn:uuid:4dfb781c-c047-4fe8-8d37-8e64fd15417d"/>
          <timestamp value="2023-12-05T13:10:34-05:00"/>
          <total value="1"/>
          <parameter>
            <name value="excludeNested"/>
            <valueBoolean value="false"/>
          </parameter>
          <parameter>
            <name value="used-valueset"/>
            <valueUri value="null"/>
          </parameter>
          <parameter>
            <name value="limitedExpansion"/>
            <valueBoolean value="true"/>
          </parameter>
          <parameter>
            <name value="used-codesystem"/>
            <valueUri value="http://snomed.info/sct|http://snomed.info/sct/900000000000207008/version/20230901"/>
          </parameter>
          <parameter>
            <name value="version"/>
            <valueUri value="http://snomed.info/sct|http://snomed.info/sct/900000000000207008/version/20230901"/>
          </parameter>
          <contains>
            <system value="http://snomed.info/sct"/>
            <code value="56717001"/>
            <display value="Tuberculosis"/>
          </contains>
        </expansion>
      </ValueSet>
    </resource>
  </entry>
  <entry>
    <fullUrl value="http://hl7.org/fhir/us/reportofilltraveler/ValueSet/QstationsVS"/>
    <resource>
      <ValueSet>
        <text>
          <status value="generated"/>
          <div xmlns="http://www.w3.org/1999/xhtml">
            <p>This value set contains 2 concepts</p>
            <p style="border: black 1px dotted; background-color: #EEEEEE; padding: 8px; margin-bottom: 8px">Expansion based on 
              <a href="CodeSystem-quarantine-station-system.html">codesystem Quarantine Stations v0.1.0 (CodeSystem)</a>
            </p>
            <table class="codes">
              <tr>
                <td style="white-space:nowrap">
                  <b>Code</b>
                </td>
                <td>
                  <b>System</b>
                </td>
                <td>
                  <b>Display</b>
                </td>
              </tr>
              <tr>
                <td style="white-space:nowrap">
                  <a name="http---hl7.org-fhir-us-reportofilltraveler-CodeSystem-quarantine-station-system-LAX"> </a>  
                  <a href="CodeSystem-quarantine-station-system.html#quarantine-station-system-LAX">LAX</a>
                </td>
                <td>http://hl7.org/fhir/us/reportofilltraveler/CodeSystem/quarantine-station-system</td>
                <td>Los Angeles, CA</td>
              </tr>
              <tr>
                <td style="white-space:nowrap">
                  <a name="http---hl7.org-fhir-us-reportofilltraveler-CodeSystem-quarantine-station-system-MIA"> </a>  
                  <a href="CodeSystem-quarantine-station-system.html#quarantine-station-system-MIA">MIA</a>
                </td>
                <td>http://hl7.org/fhir/us/reportofilltraveler/CodeSystem/quarantine-station-system</td>
                <td>Miami, FL</td>
              </tr>
            </table>
          </div>
        </text>
        <url value="http://hl7.org/fhir/us/reportofilltraveler/ValueSet/QstationsVS"/>
        <version value="0.1.0"/>
        <name value="QstationsVS"/>
        <title value="Quarintine Stations VS"/>
        <status value="draft"/>
        <date value="2023-12-05T13:08:56-05:00"/>
        <expansion>
          <identifier value="urn:uuid:9bab82cc-4939-4be3-801a-3665b684d49a"/>
          <timestamp value="2023-12-05T13:10:35-05:00"/>
          <total value="2"/>
          <parameter>
            <name value="excludeNested"/>
            <valueBoolean value="false"/>
          </parameter>
          <parameter>
            <name value="used-codesystem"/>
            <valueUri value="http://hl7.org/fhir/us/reportofilltraveler/CodeSystem/quarantine-station-system|0.1.0"/>
          </parameter>
          <contains>
            <system value="http://hl7.org/fhir/us/reportofilltraveler/CodeSystem/quarantine-station-system"/>
            <code value="LAX"/>
            <display value="Los Angeles, CA"/>
          </contains>
          <contains>
            <system value="http://hl7.org/fhir/us/reportofilltraveler/CodeSystem/quarantine-station-system"/>
            <code value="MIA"/>
            <display value="Miami, FL"/>
          </contains>
        </expansion>
      </ValueSet>
    </resource>
  </entry>
</Bundle>