<?xml version="1.0" encoding="UTF-8"?><ValueSet xmlns="http://hl7.org/fhir"><id value="QstationsVS"/><text><status value="generated"/><div xmlns="http://www.w3.org/1999/xhtml"><ul><li>Include all codes defined in <a href="CodeSystem-quarantine-station-system.html"><code>http://example.org/CodeSystem/quarantine-station-system</code></a></li></ul></div></text><url value="http://example.org/ValueSet/QstationsVS"/><version value="0.1.0"/><name value="QstationsVS"/><title value="Quarintine Stations VS"/><status value="draft"/><date value="2023-11-28T09:30:35-05:00"/><publisher value="HL7 Public Health Working Group"/><contact><name value="HL7 Public Health Working Group"/><telecom><system value="url"/><value value="http://www.hl7.org/Special/committees/pher"/></telecom><telecom><system value="email"/><value value="pafm@lists.HL7.org"/></telecom></contact><description value="A list of all US Quarantine Stations."/><compose><include><system value="http://example.org/CodeSystem/quarantine-station-system"/></include></compose></ValueSet>