{
  "resourceType" : "CodeSystem",
  "id" : "infectious-disease-system",
  "text" : {
    "status" : "generated",
    "div" : "<div xmlns=\"http://www.w3.org/1999/xhtml\"><p>This  code system <code>http://example.org/CodeSystem/infectious-disease-system</code> defines the following codes:</p><table class=\"codes\"><tr><td style=\"white-space:nowrap\"><b>Code</b></td><td><b>Display</b></td></tr><tr><td style=\"white-space:nowrap\">TB<a name=\"infectious-disease-system-TB\"> </a></td><td>Tuberculosis</td></tr><tr><td style=\"white-space:nowrap\">ME<a name=\"infectious-disease-system-ME\"> </a></td><td>Measles</td></tr></table></div>"
  },
  "url" : "http://example.org/CodeSystem/infectious-disease-system",
  "version" : "0.1.0",
  "name" : "InfectiousDiseaseNameCS",
  "title" : "Infectious Disease",
  "status" : "draft",
  "date" : "2023-11-28T09:30:35-05:00",
  "publisher" : "HL7 Public Health Working Group",
  "contact" : [{
    "name" : "HL7 Public Health Working Group",
    "telecom" : [{
      "system" : "url",
      "value" : "http://www.hl7.org/Special/committees/pher"
    },
    {
      "system" : "email",
      "value" : "pafm@lists.HL7.org"
    }]
  }],
  "description" : "A list of Infectious Diseases reportable to CDC.",
  "content" : "complete",
  "count" : 2,
  "concept" : [{
    "code" : "TB",
    "display" : "Tuberculosis"
  },
  {
    "code" : "ME",
    "display" : "Measles"
  }]
}