<?xml version="1.0" encoding="UTF-8"?>

<CodeSystem xmlns="http://hl7.org/fhir">
  <id value="infectious-disease-system"/>
  <text>
    <status value="generated"/><div xmlns="http://www.w3.org/1999/xhtml"><p>This  code system <code>http://example.org/CodeSystem/infectious-disease-system</code> defines the following codes:</p><table class="codes"><tr><td style="white-space:nowrap"><b>Code</b></td><td><b>Display</b></td></tr><tr><td style="white-space:nowrap">TB<a name="infectious-disease-system-TB"> </a></td><td>Tuberculosis</td></tr><tr><td style="white-space:nowrap">ME<a name="infectious-disease-system-ME"> </a></td><td>Measles</td></tr></table></div>
  </text>
  <url value="http://example.org/CodeSystem/infectious-disease-system"/>
  <version value="0.1.0"/>
  <name value="InfectiousDiseaseNameCS"/>
  <title value="Infectious Disease"/>
  <status value="draft"/>
  <date value="2023-11-28T09:30:35-05:00"/>
  <publisher value="HL7 Public Health Working Group"/>
  <contact>
    <name value="HL7 Public Health Working Group"/>
    <telecom>
      <system value="url"/>
      <value value="http://www.hl7.org/Special/committees/pher"/>
    </telecom>
    <telecom>
      <system value="email"/>
      <value value="pafm@lists.HL7.org"/>
    </telecom>
  </contact>
  <description value="A list of Infectious Diseases reportable to CDC."/>
  <content value="complete"/>
  <count value="2"/>
  <concept>
    <code value="TB"/>
    <display value="Tuberculosis"/>
  </concept>
  <concept>
    <code value="ME"/>
    <display value="Measles"/>
  </concept>
</CodeSystem>