<?xml version="1.0" encoding="UTF-8"?>

<Bundle xmlns="http://hl7.org/fhir">
  <id value="069730ab-842d-4a7c-bc2c-fc9e5f5a2e39"/>
  <meta>
    <lastUpdated value="2023-11-28T09:30:35.548-05:00"/>
  </meta>
  <type value="collection"/>
  <entry>
    <fullUrl value="http://example.org/ValueSet/AirportCodeVS"/>
    <resource>
      <ValueSet>
        <text>
          <status value="generated"/>
          <div xmlns="http://www.w3.org/1999/xhtml">
            <p>This value set contains 4 concepts</p>
            <p style="border: black 1px dotted; background-color: #EEEEEE; padding: 8px; margin-bottom: 8px">Expansion based on 
              <a href="CodeSystem-airport-code-system.html">codesystem Airport Codes v0.1.0 (CodeSystem)</a>
            </p>
            <table class="codes">
              <tr>
                <td style="white-space:nowrap">
                  <b>Code</b>
                </td>
                <td>
                  <b>System</b>
                </td>
                <td>
                  <b>Display</b>
                </td>
              </tr>
              <tr>
                <td style="white-space:nowrap">
                  <a name="http---example.org-CodeSystem-airport-code-system-ABR"> </a>  
                  <a href="CodeSystem-airport-code-system.html#airport-code-system-ABR">ABR</a>
                </td>
                <td>http://example.org/CodeSystem/airport-code-system</td>
                <td>Aberdeen, SD</td>
              </tr>
              <tr>
                <td style="white-space:nowrap">
                  <a name="http---example.org-CodeSystem-airport-code-system-ALB"> </a>  
                  <a href="CodeSystem-airport-code-system.html#airport-code-system-ALB">ALB</a>
                </td>
                <td>http://example.org/CodeSystem/airport-code-system</td>
                <td>Albany, NY</td>
              </tr>
              <tr>
                <td style="white-space:nowrap">
                  <a name="http---example.org-CodeSystem-airport-code-system-LAX"> </a>  
                  <a href="CodeSystem-airport-code-system.html#airport-code-system-LAX">LAX</a>
                </td>
                <td>http://example.org/CodeSystem/airport-code-system</td>
                <td>Los Angeles, CA</td>
              </tr>
              <tr>
                <td style="white-space:nowrap">
                  <a name="http---example.org-CodeSystem-airport-code-system-DCA"> </a>  
                  <a href="CodeSystem-airport-code-system.html#airport-code-system-DCA">DCA</a>
                </td>
                <td>http://example.org/CodeSystem/airport-code-system</td>
                <td>Washington, DC</td>
              </tr>
            </table>
          </div>
        </text>
        <url value="http://example.org/ValueSet/AirportCodeVS"/>
        <version value="0.1.0"/>
        <name value="AirportCodeVS"/>
        <title value="Airport Codes VS"/>
        <status value="draft"/>
        <date value="2023-11-28T09:30:35-05:00"/>
        <expansion>
          <identifier value="urn:uuid:5f6ac6e0-044b-4030-932e-3c1ceec810e6"/>
          <timestamp value="2023-11-28T09:32:04-05:00"/>
          <total value="4"/>
          <parameter>
            <name value="excludeNested"/>
            <valueBoolean value="false"/>
          </parameter>
          <parameter>
            <name value="used-codesystem"/>
            <valueUri value="http://example.org/CodeSystem/airport-code-system|0.1.0"/>
          </parameter>
          <contains>
            <system value="http://example.org/CodeSystem/airport-code-system"/>
            <code value="ABR"/>
            <display value="Aberdeen, SD"/>
          </contains>
          <contains>
            <system value="http://example.org/CodeSystem/airport-code-system"/>
            <code value="ALB"/>
            <display value="Albany, NY"/>
          </contains>
          <contains>
            <system value="http://example.org/CodeSystem/airport-code-system"/>
            <code value="LAX"/>
            <display value="Los Angeles, CA"/>
          </contains>
          <contains>
            <system value="http://example.org/CodeSystem/airport-code-system"/>
            <code value="DCA"/>
            <display value="Washington, DC"/>
          </contains>
        </expansion>
      </ValueSet>
    </resource>
  </entry>
  <entry>
    <fullUrl value="http://example.org/ValueSet/InfectiousDiseaseNameVS"/>
    <resource>
      <ValueSet>
        <text>
          <status value="generated"/>
          <div xmlns="http://www.w3.org/1999/xhtml">
            <p>This value set contains 2 concepts</p>
            <p style="border: black 1px dotted; background-color: #EEEEEE; padding: 8px; margin-bottom: 8px">Expansion based on 
              <a href="CodeSystem-infectious-disease-system.html">codesystem Infectious Disease v0.1.0 (CodeSystem)</a>
            </p>
            <table class="codes">
              <tr>
                <td style="white-space:nowrap">
                  <b>Code</b>
                </td>
                <td>
                  <b>System</b>
                </td>
                <td>
                  <b>Display</b>
                </td>
              </tr>
              <tr>
                <td style="white-space:nowrap">
                  <a name="http---example.org-CodeSystem-infectious-disease-system-TB"> </a>  
                  <a href="CodeSystem-infectious-disease-system.html#infectious-disease-system-TB">TB</a>
                </td>
                <td>http://example.org/CodeSystem/infectious-disease-system</td>
                <td>Tuberculosis</td>
              </tr>
              <tr>
                <td style="white-space:nowrap">
                  <a name="http---example.org-CodeSystem-infectious-disease-system-ME"> </a>  
                  <a href="CodeSystem-infectious-disease-system.html#infectious-disease-system-ME">ME</a>
                </td>
                <td>http://example.org/CodeSystem/infectious-disease-system</td>
                <td>Measles</td>
              </tr>
            </table>
          </div>
        </text>
        <url value="http://example.org/ValueSet/InfectiousDiseaseNameVS"/>
        <version value="0.1.0"/>
        <name value="InfectiousDiseaseNameVS"/>
        <title value="Infectious Disease VS"/>
        <status value="draft"/>
        <date value="2023-11-28T09:30:35-05:00"/>
        <expansion>
          <identifier value="urn:uuid:3f72c060-b83b-480a-959c-1c38e9081f40"/>
          <timestamp value="2023-11-28T09:32:05-05:00"/>
          <total value="2"/>
          <parameter>
            <name value="excludeNested"/>
            <valueBoolean value="false"/>
          </parameter>
          <parameter>
            <name value="used-codesystem"/>
            <valueUri value="http://example.org/CodeSystem/infectious-disease-system|0.1.0"/>
          </parameter>
          <contains>
            <system value="http://example.org/CodeSystem/infectious-disease-system"/>
            <code value="TB"/>
            <display value="Tuberculosis"/>
          </contains>
          <contains>
            <system value="http://example.org/CodeSystem/infectious-disease-system"/>
            <code value="ME"/>
            <display value="Measles"/>
          </contains>
        </expansion>
      </ValueSet>
    </resource>
  </entry>
  <entry>
    <fullUrl value="http://example.org/ValueSet/InfectiousDiseaseVS"/>
    <resource>
      <ValueSet>
        <text>
          <status value="generated"/>
          <div xmlns="http://www.w3.org/1999/xhtml">
            <p>This value set contains 1 concepts</p>
            <div style="border: black 1px dotted; background-color: #EEEEEE; padding: 8px; margin-bottom: 8px">
              <p>Expansion based on: </p>
              <ul>
                <li>SNOMED CT International edition 01-Sep 2023</li>
                <li>SNOMED CT International edition 01-Sep 2023</li>
              </ul>
            </div>
            <table class="codes">
              <tr>
                <td style="white-space:nowrap">
                  <b>Code</b>
                </td>
                <td>
                  <b>System</b>
                </td>
                <td>
                  <b>Display</b>
                </td>
              </tr>
              <tr>
                <td style="white-space:nowrap">
                  <a name="http---snomed.info-sct-56717001"> </a>  
                  <a href="http://snomed.info/id/56717001">56717001</a>
                </td>
                <td>http://snomed.info/sct</td>
                <td>Tuberculosis</td>
              </tr>
            </table>
          </div>
        </text>
        <url value="http://example.org/ValueSet/InfectiousDiseaseVS"/>
        <version value="0.1.0"/>
        <name value="InfectiousDiseaseVS"/>
        <title value="Infectious Disease VS"/>
        <status value="draft"/>
        <experimental value="false"/>
        <date value="2023-11-28T09:30:35-05:00"/>
        <expansion>
          <identifier value="urn:uuid:fec6d141-d773-4239-9d09-96e8cf17bd76"/>
          <timestamp value="2023-11-28T09:32:05-05:00"/>
          <total value="1"/>
          <parameter>
            <name value="excludeNested"/>
            <valueBoolean value="false"/>
          </parameter>
          <parameter>
            <name value="used-valueset"/>
            <valueUri value="null"/>
          </parameter>
          <parameter>
            <name value="limitedExpansion"/>
            <valueBoolean value="true"/>
          </parameter>
          <parameter>
            <name value="used-codesystem"/>
            <valueUri value="http://snomed.info/sct|http://snomed.info/sct/900000000000207008/version/20230901"/>
          </parameter>
          <parameter>
            <name value="version"/>
            <valueUri value="http://snomed.info/sct|http://snomed.info/sct/900000000000207008/version/20230901"/>
          </parameter>
          <contains>
            <system value="http://snomed.info/sct"/>
            <code value="56717001"/>
            <display value="Tuberculosis"/>
          </contains>
        </expansion>
      </ValueSet>
    </resource>
  </entry>
  <entry>
    <fullUrl value="http://example.org/ValueSet/QstationsVS"/>
    <resource>
      <ValueSet>
        <text>
          <status value="generated"/>
          <div xmlns="http://www.w3.org/1999/xhtml">
            <p>This value set contains 2 concepts</p>
            <p style="border: black 1px dotted; background-color: #EEEEEE; padding: 8px; margin-bottom: 8px">Expansion based on 
              <a href="CodeSystem-quarantine-station-system.html">codesystem Quarantine Stations v0.1.0 (CodeSystem)</a>
            </p>
            <table class="codes">
              <tr>
                <td style="white-space:nowrap">
                  <b>Code</b>
                </td>
                <td>
                  <b>System</b>
                </td>
                <td>
                  <b>Display</b>
                </td>
              </tr>
              <tr>
                <td style="white-space:nowrap">
                  <a name="http---example.org-CodeSystem-quarantine-station-system-LAX"> </a>  
                  <a href="CodeSystem-quarantine-station-system.html#quarantine-station-system-LAX">LAX</a>
                </td>
                <td>http://example.org/CodeSystem/quarantine-station-system</td>
                <td>Los Angeles, CA</td>
              </tr>
              <tr>
                <td style="white-space:nowrap">
                  <a name="http---example.org-CodeSystem-quarantine-station-system-MIA"> </a>  
                  <a href="CodeSystem-quarantine-station-system.html#quarantine-station-system-MIA">MIA</a>
                </td>
                <td>http://example.org/CodeSystem/quarantine-station-system</td>
                <td>Miami, FL</td>
              </tr>
            </table>
          </div>
        </text>
        <url value="http://example.org/ValueSet/QstationsVS"/>
        <version value="0.1.0"/>
        <name value="QstationsVS"/>
        <title value="Quarintine Stations VS"/>
        <status value="draft"/>
        <date value="2023-11-28T09:30:35-05:00"/>
        <expansion>
          <identifier value="urn:uuid:1ef6de4f-b05f-48a3-bf7a-bed5cca8b2b4"/>
          <timestamp value="2023-11-28T09:32:05-05:00"/>
          <total value="2"/>
          <parameter>
            <name value="excludeNested"/>
            <valueBoolean value="false"/>
          </parameter>
          <parameter>
            <name value="used-codesystem"/>
            <valueUri value="http://example.org/CodeSystem/quarantine-station-system|0.1.0"/>
          </parameter>
          <contains>
            <system value="http://example.org/CodeSystem/quarantine-station-system"/>
            <code value="LAX"/>
            <display value="Los Angeles, CA"/>
          </contains>
          <contains>
            <system value="http://example.org/CodeSystem/quarantine-station-system"/>
            <code value="MIA"/>
            <display value="Miami, FL"/>
          </contains>
        </expansion>
      </ValueSet>
    </resource>
  </entry>
</Bundle>