{
  "resourceType" : "Observation",
  "id" : "FlightExample1",
  "meta" : {
    "profile" : ["http://example.org/StructureDefinition/FlightItinerary1"]
  },
  "text" : {
    "status" : "generated",
    "div" : "<div xmlns=\"http://www.w3.org/1999/xhtml\"><p><b>Generated Narrative: Observation</b><a name=\"FlightExample1\"> </a></p><div style=\"display: inline-block; background-color: #d9e0e7; padding: 6px; margin: 4px; border: 1px solid #8da1b4; border-radius: 5px; line-height: 60%\"><p style=\"margin-bottom: 0px\">Resource Observation &quot;FlightExample1&quot; </p><p style=\"margin-bottom: 0px\">Profile: <a href=\"StructureDefinition-FlightItinerary1.html\">FlightItinerary1</a></p></div><p><b>status</b>: preliminary</p><p><b>category</b>: transportation <span style=\"background: LightGoldenRodYellow; margin: 4px; border: 1px solid khaki\"> (<a href=\"http://terminology.hl7.org/3.1.0/CodeSystem-v3-ActClass.html\">ActClass</a>#TRNS)</span></p><p><b>code</b>: 424483007 <span style=\"background: LightGoldenRodYellow; margin: 4px; border: 1px solid khaki\"> (<a href=\"https://browser.ihtsdotools.org/\">SNOMED CT</a>#424483007)</span></p><p><b>value</b>: Airliner <span style=\"background: LightGoldenRodYellow; margin: 4px; border: 1px solid khaki\"> (<a href=\"https://browser.ihtsdotools.org/\">SNOMED CT</a>#261325004)</span></p><blockquote><p><b>component</b></p><p><b>code</b>: Departure Airport <span style=\"background: LightGoldenRodYellow; margin: 4px; border: 1px solid khaki\"> ()</span></p><p><b>value</b>: LAX</p></blockquote><blockquote><p><b>component</b></p><p><b>code</b>: Arrival Airport <span style=\"background: LightGoldenRodYellow; margin: 4px; border: 1px solid khaki\"> ()</span></p><p><b>value</b>: DCA</p></blockquote><blockquote><p><b>component</b></p><p><b>code</b>: Flight Number <span style=\"background: LightGoldenRodYellow; margin: 4px; border: 1px solid khaki\"> ()</span></p><p><b>value</b>: DL679</p></blockquote><blockquote><p><b>component</b></p><p><b>code</b>: Seat <span style=\"background: LightGoldenRodYellow; margin: 4px; border: 1px solid khaki\"> ()</span></p><p><b>value</b>: 18F</p></blockquote></div>"
  },
  "status" : "preliminary",
  "category" : [{
    "coding" : [{
      "system" : "http://terminology.hl7.org/CodeSystem/v3-ActClass",
      "code" : "TRNS"
    }]
  }],
  "code" : {
    "coding" : [{
      "system" : "http://snomed.info/sct",
      "code" : "424483007"
    }]
  },
  "valueCodeableConcept" : {
    "coding" : [{
      "system" : "http://snomed.info/sct",
      "code" : "261325004",
      "display" : "Airliner"
    }]
  },
  "component" : [{
    "code" : {
      "text" : "Departure Airport"
    },
    "valueString" : "LAX"
  },
  {
    "code" : {
      "text" : "Arrival Airport"
    },
    "valueString" : "DCA"
  },
  {
    "code" : {
      "text" : "Flight Number"
    },
    "valueString" : "DL679"
  },
  {
    "code" : {
      "text" : "Seat"
    },
    "valueString" : "18F"
  }]
}