{
  "resourceType" : "ValueSet",
  "id" : "6412a161-6638-4a7d-b387-329e593e5d23-83",
  "url" : "http://hl7.org/fhir/comparison/ValueSet/6412a161-6638-4a7d-b387-329e593e5d23-83",
  "name" : "UnionSmoking StatusAndTransport vehicle type",
  "title" : "Union of null And null",
  "status" : "active",
  "date" : "2023-11-28T09:30:42-05:00",
  "compose" : {
    "include" : [{
      "concept" : [{
        "code" : "266919005",
        "display" : "Never smoked tobacco (finding)"
      },
      {
        "code" : "266927001",
        "display" : "Tobacco smoking consumption unknown (finding)"
      },
      {
        "code" : "428041000124106",
        "display" : "Occasional tobacco smoker (finding)"
      },
      {
        "code" : "428061000124105",
        "display" : "Light tobacco smoker (finding)"
      },
      {
        "code" : "428071000124103",
        "display" : "Heavy tobacco smoker (finding)"
      },
      {
        "code" : "449868002",
        "display" : "Smokes tobacco daily (finding)"
      },
      {
        "code" : "77176002",
        "display" : "Smoker (finding)"
      },
      {
        "code" : "8517006",
        "display" : "Ex-smoker (finding)"
      }],
      "filter" : [{
        "property" : "concept",
        "op" : "descendent-of",
        "value" : "36030000"
      }]
    }]
  }
}