{
  "resourceType" : "ValueSet",
  "id" : "6412a161-6638-4a7d-b387-329e593e5d23-8",
  "url" : "http://hl7.org/fhir/comparison/ValueSet/6412a161-6638-4a7d-b387-329e593e5d23-8",
  "name" : "UnionVitalSignsUnitsAndTransport vehicle type",
  "title" : "Union of Vital Signs Units And null",
  "status" : "draft",
  "date" : "2023-11-28T09:30:41-05:00",
  "compose" : {
    "include" : [{
      "concept" : [{
        "code" : "%",
        "display" : "percent"
      },
      {
        "code" : "cm",
        "display" : "centimeter"
      },
      {
        "code" : "[in_i]",
        "display" : "inch (international)"
      },
      {
        "code" : "kg",
        "display" : "kilogram"
      },
      {
        "code" : "g",
        "display" : "gram"
      },
      {
        "code" : "[lb_av]",
        "display" : "pound (US and British)"
      },
      {
        "code" : "Cel",
        "display" : "degree Celsius"
      },
      {
        "code" : "[degF]",
        "display" : "degree Fahrenheit"
      },
      {
        "code" : "mm[Hg]",
        "display" : "millimeter of mercury"
      },
      {
        "code" : "/min",
        "display" : "per minute"
      },
      {
        "code" : "kg/m2",
        "display" : "kilogram / (meter ^ 2)"
      },
      {
        "code" : "m2",
        "display" : "square meter"
      }],
      "filter" : [{
        "property" : "concept",
        "op" : "descendent-of",
        "value" : "36030000"
      }]
    }]
  }
}