{
  "resourceType" : "ValueSet",
  "id" : "6412a161-6638-4a7d-b387-329e593e5d23-159",
  "url" : "http://hl7.org/fhir/comparison/ValueSet/6412a161-6638-4a7d-b387-329e593e5d23-159",
  "name" : "IntersectionUSCoreConditionCodeAndCondition/Problem/DiagnosisCodes",
  "title" : "Intersection of US Core Condition Code And Condition/Problem/Diagnosis Codes",
  "status" : "active",
  "date" : "2023-11-28T09:30:42-05:00",
  "compose" : {
    "include" : [{
      "filter" : [{
        "property" : "concept",
        "op" : "is-a",
        "value" : "404684003"
      }]
    }]
  }
}