{
  "resourceType" : "ValueSet",
  "id" : "368c2f09-13ef-4087-8217-db05fde8fac7-83",
  "url" : "http://hl7.org/fhir/comparison/ValueSet/368c2f09-13ef-4087-8217-db05fde8fac7-83",
  "name" : "UnionSmoking StatusAndTransport vehicle type",
  "title" : "Union of null And null",
  "status" : "active",
  "date" : "2023-12-05T18:52:11-05:00",
  "compose" : {
    "include" : [{
      "concept" : [{
        "code" : "266919005",
        "display" : "Never smoked tobacco (finding)"
      },
      {
        "code" : "266927001",
        "display" : "Tobacco smoking consumption unknown (finding)"
      },
      {
        "code" : "428041000124106",
        "display" : "Occasional tobacco smoker (finding)"
      },
      {
        "code" : "428061000124105",
        "display" : "Light tobacco smoker (finding)"
      },
      {
        "code" : "428071000124103",
        "display" : "Heavy tobacco smoker (finding)"
      },
      {
        "code" : "449868002",
        "display" : "Smokes tobacco daily (finding)"
      },
      {
        "code" : "77176002",
        "display" : "Smoker (finding)"
      },
      {
        "code" : "8517006",
        "display" : "Ex-smoker (finding)"
      }],
      "filter" : [{
        "property" : "concept",
        "op" : "descendent-of",
        "value" : "36030000"
      }]
    }]
  }
}