{
  "resourceType" : "ValueSet",
  "id" : "368c2f09-13ef-4087-8217-db05fde8fac7-80",
  "url" : "http://hl7.org/fhir/comparison/ValueSet/368c2f09-13ef-4087-8217-db05fde8fac7-80",
  "name" : "UnionUSCoreSmokingStatusObservationCodesAndLOINCCodes",
  "title" : "Union of US Core Smoking Status Observation Codes And LOINC Codes",
  "status" : "active",
  "date" : "2023-12-05T18:52:11-05:00",
  "jurisdiction" : [{
    "coding" : [{
      "system" : "urn:iso:std:iso:3166",
      "code" : "US"
    }]
  }],
  "compose" : {
    "include" : [{
      "concept" : [{
        "code" : "72166-2",
        "display" : "Tobacco smoking status NHIS"
      }]
    }]
  }
}