{
  "resourceType" : "ValueSet",
  "id" : "0d17484c-5e62-4f4c-b114-05e19e010a1e-59",
  "url" : "http://hl7.org/fhir/comparison/ValueSet/0d17484c-5e62-4f4c-b114-05e19e010a1e-59",
  "name" : "UnionUSCoreSurveyCodesAndLOINCCodes",
  "title" : "Union of US Core Survey Codes And LOINC Codes",
  "status" : "active",
  "date" : "2023-11-28T21:37:35-05:00",
  "jurisdiction" : [{
    "coding" : [{
      "system" : "urn:iso:std:iso:3166",
      "code" : "US"
    }]
  }],
  "compose" : {
    "include" : [{
      "system" : "http://loinc.org",
      "filter" : [{
        "property" : "CLASSTYPE",
        "op" : "=",
        "value" : "4"
      }]
    },
    {
      "system" : "http://loinc.org",
      "filter" : [{
        "property" : "CLASSTYPE",
        "op" : "=",
        "value" : "2"
      }]
    },
    {
      "system" : "http://loinc.org",
      "filter" : [{
        "property" : "CLASS",
        "op" : "=",
        "value" : "PANEL.NEONAT"
      }]
    },
    {
      "system" : "http://loinc.org"
    }]
  }
}