{
  "resourceType" : "ValueSet",
  "id" : "368c2f09-13ef-4087-8217-db05fde8fac7-59",
  "url" : "http://hl7.org/fhir/comparison/ValueSet/368c2f09-13ef-4087-8217-db05fde8fac7-59",
  "name" : "UnionUSCoreSurveyCodesAndLOINCCodes",
  "title" : "Union of US Core Survey Codes And LOINC Codes",
  "status" : "active",
  "date" : "2023-12-05T18:52:11-05:00",
  "jurisdiction" : [{
    "coding" : [{
      "system" : "urn:iso:std:iso:3166",
      "code" : "US"
    }]
  }],
  "compose" : {
    "include" : [{
      "system" : "http://loinc.org",
      "filter" : [{
        "property" : "CLASSTYPE",
        "op" : "=",
        "value" : "4"
      }]
    },
    {
      "system" : "http://loinc.org",
      "filter" : [{
        "property" : "CLASSTYPE",
        "op" : "=",
        "value" : "2"
      }]
    },
    {
      "system" : "http://loinc.org",
      "filter" : [{
        "property" : "CLASS",
        "op" : "=",
        "value" : "PANEL.NEONAT"
      }]
    },
    {
      "system" : "http://loinc.org"
    }]
  }
}