{
  "resourceType" : "ValueSet",
  "id" : "0d17484c-5e62-4f4c-b114-05e19e010a1e-93",
  "url" : "http://hl7.org/fhir/comparison/ValueSet/0d17484c-5e62-4f4c-b114-05e19e010a1e-93",
  "name" : "IntersectionUSCoreConditionCodeAndCondition/Problem/DiagnosisCodes",
  "title" : "Intersection of US Core Condition Code And Condition/Problem/Diagnosis Codes",
  "status" : "active",
  "date" : "2023-11-28T21:37:35-05:00",
  "compose" : {
    "include" : [{
      "filter" : [{
        "property" : "concept",
        "op" : "is-a",
        "value" : "404684003"
      }]
    }]
  }
}