{
  "resourceType" : "ValueSet",
  "id" : "3615e911-f5f6-4bee-b96d-ba4b03decb78-93",
  "url" : "http://hl7.org/fhir/comparison/ValueSet/3615e911-f5f6-4bee-b96d-ba4b03decb78-93",
  "name" : "IntersectionUSCoreConditionCodeAndCondition/Problem/DiagnosisCodes",
  "title" : "Intersection of US Core Condition Code And Condition/Problem/Diagnosis Codes",
  "status" : "active",
  "date" : "2023-12-05T13:09:03-05:00",
  "compose" : {
    "include" : [{
      "filter" : [{
        "property" : "concept",
        "op" : "is-a",
        "value" : "404684003"
      }]
    }]
  }
}