{
  "resourceType" : "ValueSet",
  "id" : "0d17484c-5e62-4f4c-b114-05e19e010a1e-92",
  "url" : "http://hl7.org/fhir/comparison/ValueSet/0d17484c-5e62-4f4c-b114-05e19e010a1e-92",
  "name" : "UnionUSCoreConditionCodeAndCondition/Problem/DiagnosisCodes",
  "title" : "Union of US Core Condition Code And Condition/Problem/Diagnosis Codes",
  "status" : "active",
  "date" : "2023-11-28T21:37:35-05:00",
  "jurisdiction" : [{
    "coding" : [{
      "system" : "urn:iso:std:iso:3166",
      "code" : "US"
    }]
  }],
  "compose" : {
    "include" : [{
      "system" : "http://snomed.info/sct",
      "concept" : [{
        "code" : "160245001"
      }]
    },
    {
      "filter" : [{
        "property" : "concept",
        "op" : "is-a",
        "value" : "404684003"
      }]
    },
    {
      "system" : "http://snomed.info/sct",
      "filter" : [{
        "property" : "concept",
        "op" : "is-a",
        "value" : "243796009"
      }]
    },
    {
      "system" : "http://snomed.info/sct",
      "filter" : [{
        "property" : "concept",
        "op" : "is-a",
        "value" : "272379006"
      }]
    },
    {
      "system" : "http://hl7.org/fhir/sid/icd-10-cm"
    },
    {
      "system" : "http://hl7.org/fhir/sid/icd-9-cm"
    },
    {
      "system" : "http://snomed.info/sct",
      "concept" : [{
        "code" : "160245001",
        "display" : "No current problems or disability"
      }]
    }]
  }
}