{
  "resourceType" : "ValueSet",
  "id" : "0d17484c-5e62-4f4c-b114-05e19e010a1e-5",
  "url" : "http://hl7.org/fhir/comparison/ValueSet/0d17484c-5e62-4f4c-b114-05e19e010a1e-5",
  "name" : "UnionUsCoreVitalSignsAndLOINCCodes",
  "title" : "Union of US Core Vital Signs ValueSet And LOINC Codes",
  "status" : "active",
  "date" : "2023-11-28T21:37:35-05:00",
  "jurisdiction" : [{
    "coding" : [{
      "system" : "urn:iso:std:iso:3166",
      "code" : "US"
    }]
  }],
  "compose" : {
    "include" : [{
      "concept" : [{
        "code" : "59576-9"
      },
      {
        "code" : "8289-1"
      },
      {
        "code" : "77606-2"
      },
      {
        "code" : "59408-5"
      },
      {
        "code" : "3150-0"
      },
      {
        "code" : "3151-8"
      }]
    },
    {
      "valueSet" : ["http://hl7.org/fhir/ValueSet/observation-vitalsignresult"]
    }]
  }
}