{
  "resourceType" : "ValueSet",
  "id" : "368c2f09-13ef-4087-8217-db05fde8fac7-93",
  "url" : "http://hl7.org/fhir/comparison/ValueSet/368c2f09-13ef-4087-8217-db05fde8fac7-93",
  "name" : "IntersectionUSCoreConditionCodeAndCondition/Problem/DiagnosisCodes",
  "title" : "Intersection of US Core Condition Code And Condition/Problem/Diagnosis Codes",
  "status" : "active",
  "date" : "2023-12-05T18:52:11-05:00",
  "compose" : {
    "include" : [{
      "filter" : [{
        "property" : "concept",
        "op" : "is-a",
        "value" : "404684003"
      }]
    }]
  }
}