{
  "resourceType" : "ValueSet",
  "id" : "0d17484c-5e62-4f4c-b114-05e19e010a1e-80",
  "url" : "http://hl7.org/fhir/comparison/ValueSet/0d17484c-5e62-4f4c-b114-05e19e010a1e-80",
  "name" : "UnionUSCoreSmokingStatusObservationCodesAndLOINCCodes",
  "title" : "Union of US Core Smoking Status Observation Codes And LOINC Codes",
  "status" : "active",
  "date" : "2023-11-28T21:37:35-05:00",
  "jurisdiction" : [{
    "coding" : [{
      "system" : "urn:iso:std:iso:3166",
      "code" : "US"
    }]
  }],
  "compose" : {
    "include" : [{
      "concept" : [{
        "code" : "72166-2",
        "display" : "Tobacco smoking status NHIS"
      }]
    }]
  }
}