{
  "resourceType" : "ValueSet",
  "id" : "0d17484c-5e62-4f4c-b114-05e19e010a1e-8",
  "url" : "http://hl7.org/fhir/comparison/ValueSet/0d17484c-5e62-4f4c-b114-05e19e010a1e-8",
  "name" : "UnionVitalSignsUnitsAndTransport vehicle type",
  "title" : "Union of Vital Signs Units And null",
  "status" : "draft",
  "date" : "2023-11-28T21:37:35-05:00",
  "compose" : {
    "include" : [{
      "concept" : [{
        "code" : "%",
        "display" : "percent"
      },
      {
        "code" : "cm",
        "display" : "centimeter"
      },
      {
        "code" : "[in_i]",
        "display" : "inch (international)"
      },
      {
        "code" : "kg",
        "display" : "kilogram"
      },
      {
        "code" : "g",
        "display" : "gram"
      },
      {
        "code" : "[lb_av]",
        "display" : "pound (US and British)"
      },
      {
        "code" : "Cel",
        "display" : "degree Celsius"
      },
      {
        "code" : "[degF]",
        "display" : "degree Fahrenheit"
      },
      {
        "code" : "mm[Hg]",
        "display" : "millimeter of mercury"
      },
      {
        "code" : "/min",
        "display" : "per minute"
      },
      {
        "code" : "kg/m2",
        "display" : "kilogram / (meter ^ 2)"
      },
      {
        "code" : "m2",
        "display" : "square meter"
      }],
      "filter" : [{
        "property" : "concept",
        "op" : "descendent-of",
        "value" : "36030000"
      }]
    }]
  }
}