{
  "resourceType" : "ValueSet",
  "id" : "3615e911-f5f6-4bee-b96d-ba4b03decb78-77",
  "url" : "http://hl7.org/fhir/comparison/ValueSet/3615e911-f5f6-4bee-b96d-ba4b03decb78-77",
  "name" : "UnionUSCoreObservationSmokingStatusStatusAndObservationStatus",
  "title" : "Union of US Core Status for Smoking Status Observation And ObservationStatus",
  "status" : "active",
  "date" : "2023-12-05T13:09:03-05:00",
  "jurisdiction" : [{
    "coding" : [{
      "system" : "urn:iso:std:iso:3166",
      "code" : "US"
    }]
  }],
  "compose" : {
    "include" : [{
      "concept" : [{
        "code" : "final"
      },
      {
        "code" : "entered-in-error"
      }]
    }]
  }
}