{
  "resourceType" : "ValueSet",
  "id" : "368c2f09-13ef-4087-8217-db05fde8fac7-77",
  "url" : "http://hl7.org/fhir/comparison/ValueSet/368c2f09-13ef-4087-8217-db05fde8fac7-77",
  "name" : "UnionUSCoreObservationSmokingStatusStatusAndObservationStatus",
  "title" : "Union of US Core Status for Smoking Status Observation And ObservationStatus",
  "status" : "active",
  "date" : "2023-12-05T18:52:11-05:00",
  "jurisdiction" : [{
    "coding" : [{
      "system" : "urn:iso:std:iso:3166",
      "code" : "US"
    }]
  }],
  "compose" : {
    "include" : [{
      "concept" : [{
        "code" : "final"
      },
      {
        "code" : "entered-in-error"
      }]
    }]
  }
}