<?xml version="1.0" encoding="UTF-8"?>

<CodeSystem xmlns="http://hl7.org/fhir">
  <id value="quarantine-station-system"/>
  <text>
    <status value="generated"/><div xmlns="http://www.w3.org/1999/xhtml"><p>This  code system <code>http://hl7.org/fhir/us/reportofilltraveler/CodeSystem/quarantine-station-system</code> defines the following codes:</p><table class="codes"><tr><td style="white-space:nowrap"><b>Code</b></td><td><b>Display</b></td></tr><tr><td style="white-space:nowrap">LAX<a name="quarantine-station-system-LAX"> </a></td><td>Los Angeles, CA</td></tr><tr><td style="white-space:nowrap">MIA<a name="quarantine-station-system-MIA"> </a></td><td>Miami, FL</td></tr></table></div>
  </text>
  <url value="http://hl7.org/fhir/us/reportofilltraveler/CodeSystem/quarantine-station-system"/>
  <version value="0.1.0"/>
  <name value="QuantineStationsCS"/>
  <title value="Quarantine Stations"/>
  <status value="draft"/>
  <date value="2023-12-05T18:52:01-05:00"/>
  <publisher value="HL7 Public Health Working Group"/>
  <contact>
    <name value="HL7 Public Health Working Group"/>
    <telecom>
      <system value="url"/>
      <value value="http://www.hl7.org/Special/committees/pher"/>
    </telecom>
    <telecom>
      <system value="email"/>
      <value value="pafm@lists.HL7.org"/>
    </telecom>
  </contact>
  <description value="A list of Quarantine Stations."/>
  <content value="complete"/>
  <count value="2"/>
  <concept>
    <code value="LAX"/>
    <display value="Los Angeles, CA"/>
  </concept>
  <concept>
    <code value="MIA"/>
    <display value="Miami, FL"/>
  </concept>
</CodeSystem>