{
  "resourceType" : "Patient",
  "id" : "travelerExample",
  "meta" : {
    "profile" : ["http://hl7.org/fhir/us/reportofilltraveler/StructureDefinition/Traveler"]
  },
  "text" : {
    "status" : "generated",
    "div" : "<div xmlns=\"http://www.w3.org/1999/xhtml\"><p style=\"border: 1px #661aff solid; background-color: #e6e6ff; padding: 10px;\"><b>James Pond </b> Male, DoB Unknown ( Medical Record Number: 1234\u00a0(use:\u00a0USUAL))</p><hr/></div>"
  },
  "identifier" : [{
    "use" : "usual",
    "type" : {
      "coding" : [{
        "system" : "http://terminology.hl7.org/CodeSystem/v2-0203",
        "code" : "MR",
        "display" : "Medical Record Number"
      }]
    },
    "system" : "http://hospital.example.org",
    "value" : "1234"
  }],
  "name" : [{
    "family" : "Pond",
    "given" : ["James"]
  }],
  "gender" : "Male"
}