{
  "package": "hl7.fhir.us.illTraveler",
  "version": "0.1.0",
  "fhirVersion": "4.0.1",
  "extensions": [
    {
      "url": "http://hl7.org/fhir/us/reportofilltraveler/StructureDefinition/chest-xray",
      "title": "Chest X-ray",
      "types": [
        "Reference"
      ]
    },
    {
      "url": "http://hl7.org/fhir/us/reportofilltraveler/StructureDefinition/disease-name",
      "title": "Name of Disease",
      "types": [
        "CodeableConcept"
      ]
    },
    {
      "url": "http://hl7.org/fhir/us/reportofilltraveler/StructureDefinition/flight-details",
      "title": "Flight Details",
      "types": [
        "CodeableConcept",
        "CodeableConcept",
        "string",
        "string",
        "string",
        "boolean",
        "string",
        "base64Binary",
        "boolean",
        "canonical",
        "code",
        "date",
        "dateTime",
        "decimal",
        "id",
        "instant",
        "integer",
        "markdown",
        "oid",
        "positiveInt",
        "string",
        "time",
        "unsignedInt",
        "uri",
        "url",
        "uuid",
        "Address",
        "Age",
        "Annotation",
        "Attachment",
        "CodeableConcept",
        "Coding",
        "ContactPoint",
        "Count",
        "Distance",
        "Duration",
        "HumanName",
        "Identifier",
        "Money",
        "Period",
        "Quantity",
        "Range",
        "Ratio",
        "Reference",
        "SampledData",
        "Signature",
        "Timing",
        "ContactDetail",
        "Contributor",
        "DataRequirement",
        "Expression",
        "ParameterDefinition",
        "RelatedArtifact",
        "TriggerDefinition",
        "UsageContext",
        "Dosage",
        "Meta"
      ]
    },
    {
      "url": "http://hl7.org/fhir/us/reportofilltraveler/StructureDefinition/lab-results",
      "title": "Lab Results",
      "types": [
        "Reference"
      ]
    },
    {
      "url": "http://hl7.org/fhir/us/reportofilltraveler/StructureDefinition/qstation-name",
      "title": "Q-station Name",
      "types": [
        "CodeableConcept"
      ]
    },
    {
      "url": "http://hl7.org/fhir/us/reportofilltraveler/StructureDefinition/rash-onset",
      "title": "Rash Onset Date",
      "types": [
        "date"
      ]
    },
    {
      "url": "http://hl7.org/fhir/us/reportofilltraveler/StructureDefinition/transfer-date",
      "title": "Ill traveler transfer date",
      "types": [
        "date"
      ]
    }
  ],
  "profiles": {
    "Observation": [
      {
        "url": "http://hl7.org/fhir/us/reportofilltraveler/StructureDefinition/FlightItinerary",
        "title": "FlightItinerary"
      }
    ],
    "Bundle": [
      {
        "url": "http://hl7.org/fhir/us/reportofilltraveler/StructureDefinition/IllTravelerBundle",
        "title": "IllTravelerBundle"
      }
    ],
    "Condition": [
      {
        "url": "http://hl7.org/fhir/us/reportofilltraveler/StructureDefinition/InfectiousDisease",
        "title": "InfectiousDisease"
      }
    ],
    "Composition": [
      {
        "url": "http://hl7.org/fhir/us/reportofilltraveler/StructureDefinition/ReportOfIllTraveler",
        "title": "ReportOfIllTraveler"
      }
    ],
    "Patient": [
      {
        "url": "http://hl7.org/fhir/us/reportofilltraveler/StructureDefinition/Traveler",
        "title": "Traveler"
      }
    ]
  },
  "usage": {
    "http://hl7.org/fhir/StructureDefinition/elementdefinition-bestpractice": [
      "StructureDefinition.snapshot.element.constraint"
    ],
    "http://hl7.org/fhir/StructureDefinition/elementdefinition-bestpractice-explanation": [
      "StructureDefinition.snapshot.element.constraint"
    ],
    "http://hl7.org/fhir/StructureDefinition/elementdefinition-bindingName": [
      "StructureDefinition.snapshot.element.binding"
    ],
    "http://hl7.org/fhir/StructureDefinition/elementdefinition-isCommonBinding": [
      "StructureDefinition.snapshot.element.binding"
    ],
    "http://hl7.org/fhir/StructureDefinition/elementdefinition-maxValueSet": [
      "StructureDefinition.snapshot.element.binding"
    ],
    "http://hl7.org/fhir/StructureDefinition/structuredefinition-display-hint": [
      "StructureDefinition.snapshot.element"
    ],
    "http://hl7.org/fhir/StructureDefinition/structuredefinition-explicit-type-name": [
      "StructureDefinition.snapshot.element"
    ],
    "http://hl7.org/fhir/StructureDefinition/structuredefinition-fhir-type": [
      "StructureDefinition.snapshot.element.type"
    ],
    "http://hl7.org/fhir/StructureDefinition/structuredefinition-hierarchy": [
      "StructureDefinition.snapshot.element.type"
    ],
    "http://hl7.org/fhir/StructureDefinition/structuredefinition-standards-status": [
      "StructureDefinition.snapshot.element"
    ],
    "http://hl7.org/fhir/tools/StructureDefinition/ig-internal-dependency": [
      "ImplementationGuide.definition"
    ],
    "http://hl7.org/fhir/tools/StructureDefinition/ig-page-name": [
      "ImplementationGuide.definition.page",
      "ImplementationGuide.definition.page.page"
    ],
    "http://hl7.org/fhir/tools/StructureDefinition/ig-parameter": [
      "ImplementationGuide.definition"
    ],
    "http://hl7.org/fhir/tools/StructureDefinition/implementationguide-dependency-comment": [
      "ImplementationGuide.dependsOn"
    ],
    "http://hl7.org/fhir/tools/StructureDefinition/resource-information": [
      "ImplementationGuide.definition.resource"
    ],
    "http://hl7.org/fhir/us/core/StructureDefinition/us-core-birthsex": [
      "Patient"
    ],
    "http://hl7.org/fhir/us/core/StructureDefinition/us-core-ethnicity": [
      "Patient"
    ],
    "http://hl7.org/fhir/us/core/StructureDefinition/us-core-race": [
      "Patient"
    ],
    "http://hl7.org/fhir/us/reportofilltraveler/StructureDefinition/chest-xray": [
      "Condition.evidence"
    ],
    "http://hl7.org/fhir/us/reportofilltraveler/StructureDefinition/disease-name": [
      "Condition"
    ],
    "http://hl7.org/fhir/us/reportofilltraveler/StructureDefinition/flight-details": [
      "Observation"
    ],
    "http://hl7.org/fhir/us/reportofilltraveler/StructureDefinition/qstation-name": [
      "Composition"
    ],
    "http://hl7.org/fhir/us/reportofilltraveler/StructureDefinition/rash-onset": [
      "Condition.evidence"
    ],
    "http://hl7.org/fhir/us/reportofilltraveler/StructureDefinition/transfer-date": [
      "Composition"
    ]
  }
}