{"resourceType":"ValueSet","id":"QstationsVS","text":{"status":"generated","div":"<div xmlns=\"http://www.w3.org/1999/xhtml\"><ul><li>Include all codes defined in <a href=\"CodeSystem-quarantine-station-system.html\"><code>http://example.org/CodeSystem/quarantine-station-system</code></a></li></ul></div>"},"url":"http://example.org/ValueSet/QstationsVS","version":"0.1.0","name":"QstationsVS","title":"Quarintine Stations VS","status":"draft","date":"2023-11-28T09:30:35-05:00","publisher":"HL7 Public Health Working Group","contact":[{"name":"HL7 Public Health Working Group","telecom":[{"system":"url","value":"http://www.hl7.org/Special/committees/pher"},{"system":"email","value":"pafm@lists.HL7.org"}]}],"description":"A list of all US Quarantine Stations.","compose":{"include":[{"system":"http://example.org/CodeSystem/quarantine-station-system"}]}}