{
  "resourceType" : "Condition",
  "id" : "TuberculosisExample",
  "meta" : {
    "profile" : ["http://example.org/StructureDefinition/InfectiousDisease"]
  },
  "text" : {
    "status" : "extensions",
    "div" : "<div xmlns=\"http://www.w3.org/1999/xhtml\"><p><b>Generated Narrative: Condition</b><a name=\"TuberculosisExample\"> </a></p><div style=\"display: inline-block; background-color: #d9e0e7; padding: 6px; margin: 4px; border: 1px solid #8da1b4; border-radius: 5px; line-height: 60%\"><p style=\"margin-bottom: 0px\">Resource Condition &quot;TuberculosisExample&quot; </p><p style=\"margin-bottom: 0px\">Profile: <a href=\"StructureDefinition-InfectiousDisease.html\">InfectiousDisease</a></p></div><p><b>Name of Disease</b>: Tuberculosis <span style=\"background: LightGoldenRodYellow; margin: 4px; border: 1px solid khaki\"> ([not stated]#TB)</span></p><p><b>subject</b>: <a href=\"Patient-travelerExample.html\">Patient/travelerExample</a> &quot; POND&quot;</p><h3>Evidences</h3><table class=\"grid\"><tr><td style=\"display: none\">-</td><td><b>Extension</b></td></tr><tr><td style=\"display: none\">*</td><td/></tr></table></div>"
  },
  "extension" : [{
    "url" : "http://example.org/StructureDefinition/disease-name",
    "valueCodeableConcept" : {
      "coding" : [{
        "code" : "TB",
        "display" : "Tuberculosis"
      }]
    }
  }],
  "subject" : {
    "reference" : "Patient/travelerExample"
  },
  "evidence" : [{
    "extension" : [{
      "url" : "http://example.org/StructureDefinition/chest-xray",
      "valueReference" : {
        "reference" : "DiagnosticReport/ChestXrayResultsExample"
      }
    }]
  }]
}