{
  "resourceType" : "ValueSet",
  "id" : "InfectiousDiseaseNameVS",
  "text" : {
    "status" : "generated",
    "div" : "<div xmlns=\"http://www.w3.org/1999/xhtml\"><ul><li>Include all codes defined in <a href=\"CodeSystem-infectious-disease-system.html\"><code>http://hl7.org/fhir/us/reportofilltraveler/CodeSystem/infectious-disease-system</code></a></li></ul></div>"
  },
  "url" : "http://hl7.org/fhir/us/reportofilltraveler/ValueSet/InfectiousDiseaseNameVS",
  "version" : "0.1.0",
  "name" : "InfectiousDiseaseNameVS",
  "title" : "Infectious Disease VS",
  "status" : "draft",
  "date" : "2023-12-05T13:08:56-05:00",
  "publisher" : "HL7 Public Health Working Group",
  "contact" : [{
    "name" : "HL7 Public Health Working Group",
    "telecom" : [{
      "system" : "url",
      "value" : "http://www.hl7.org/Special/committees/pher"
    },
    {
      "system" : "email",
      "value" : "pafm@lists.HL7.org"
    }]
  }],
  "description" : "A list of all Valid Tuberculosis Codes.",
  "compose" : {
    "include" : [{
      "system" : "http://hl7.org/fhir/us/reportofilltraveler/CodeSystem/infectious-disease-system"
    }]
  }
}